,Año,Trimestre,Provincia,Accesos por cada 100 hogares,Fecha
0,2024,2,Buenos Aires,79.84,2024-04-01
1,2024,2,Capital Federal,116.37,2024-04-01
2,2024,2,Catamarca,68.81,2024-04-01
3,2024,2,Chaco,44.06,2024-04-01
4,2024,2,Chubut,86.33,2024-04-01
5,2024,2,Córdoba,90.79,2024-04-01
6,2024,2,Corrientes,51.38,2024-04-01
7,2024,2,Entre Ríos,68.64,2024-04-01
8,2024,2,Formosa,39.69,2024-04-01
9,2024,2,Jujuy,58.3,2024-04-01
10,2024,2,La Pampa,101.17,2024-04-01
11,2024,2,La Rioja,79.52,2024-04-01
12,2024,2,Mendoza,52.3,2024-04-01
13,2024,2,Misiones,57.73,2024-04-01
14,2024,2,Neuquén,78.93,2024-04-01
15,2024,2,Río Negro,71.35,2024-04-01
16,2024,2,Salta,55.72,2024-04-01
17,2024,2,San Juan,51.17,2024-04-01
18,2024,2,San Luis,103.4,2024-04-01
19,2024,2,Santa Cruz,69.92,2024-04-01
20,2024,2,Santa Fe,81.34,2024-04-01
21,2024,2,Santiago Del Estero,49.67,2024-04-01
22,2024,2,Tierra Del Fuego,108.89,2024-04-01
23,2024,2,Tucumán,60.84,2024-04-01
24,2024,1,Buenos Aires,81.1,2024-01-01
25,2024,1,Capital Federal,119.53,2024-01-01
26,2024,1,Catamarca,68.82,2024-01-01
27,2024,1,Chaco,46.7,2024-01-01
28,2024,1,Chubut,84.89,2024-01-01
29,2024,1,Córdoba,90.7,2024-01-01
30,2024,1,Corrientes,51.94,2024-01-01
31,2024,1,Entre Ríos,69.31,2024-01-01
32,2024,1,Formosa,39.61,2024-01-01
33,2024,1,Jujuy,57.65,2024-01-01
34,2024,1,La Pampa,100.49,2024-01-01
35,2024,1,La Rioja,80.03,2024-01-01
36,2024,1,Mendoza,52.59,2024-01-01
37,2024,1,Misiones,56.76,2024-01-01
38,2024,1,Neuquén,79.5,2024-01-01
39,2024,1,Río Negro,71.14,2024-01-01
40,2024,1,Salta,56.3,2024-01-01
41,2024,1,San Juan,51.62,2024-01-01
42,2024,1,San Luis,102.7,2024-01-01
43,2024,1,Santa Cruz,67.58,2024-01-01
44,2024,1,Santa Fe,80.4,2024-01-01
45,2024,1,Santiago Del Estero,49.41,2024-01-01
46,2024,1,Tierra Del Fuego,109.78,2024-01-01
47,2024,1,Tucumán,60.48,2024-01-01
48,2023,4,Buenos Aires,80.96,2023-10-01
49,2023,4,Capital Federal,117.02,2023-10-01
50,2023,4,Catamarca,68.63,2023-10-01
51,2023,4,Chaco,44.35,2023-10-01
52,2023,4,Chubut,84.96,2023-10-01
53,2023,4,Córdoba,90.67,2023-10-01
54,2023,4,Corrientes,52.56,2023-10-01
55,2023,4,Entre Ríos,69.94,2023-10-01
56,2023,4,Formosa,39.23,2023-10-01
57,2023,4,Jujuy,57.78,2023-10-01
58,2023,4,La Pampa,99.96,2023-10-01
59,2023,4,La Rioja,80.22,2023-10-01
60,2023,4,Mendoza,52.15,2023-10-01
61,2023,4,Misiones,56.27,2023-10-01
62,2023,4,Neuquén,79.91,2023-10-01
63,2023,4,Río Negro,70.26,2023-10-01
64,2023,4,Salta,56.98,2023-10-01
65,2023,4,San Juan,50.08,2023-10-01
66,2023,4,San Luis,102.07,2023-10-01
67,2023,4,Santa Cruz,73.75,2023-10-01
68,2023,4,Santa Fe,79.75,2023-10-01
69,2023,4,Santiago Del Estero,49.08,2023-10-01
70,2023,4,Tierra Del Fuego,110.49,2023-10-01
71,2023,4,Tucumán,61.04,2023-10-01
72,2023,3,Buenos Aires,80.64,2023-07-01
73,2023,3,Capital Federal,116.4,2023-07-01
74,2023,3,Catamarca,68.55,2023-07-01
75,2023,3,Chaco,42.87,2023-07-01
76,2023,3,Chubut,84.23,2023-07-01
77,2023,3,Córdoba,90.05,2023-07-01
78,2023,3,Corrientes,52.78,2023-07-01
79,2023,3,Entre Ríos,68.84,2023-07-01
80,2023,3,Formosa,38.86,2023-07-01
81,2023,3,Jujuy,57.61,2023-07-01
82,2023,3,La Pampa,99.0,2023-07-01
83,2023,3,La Rioja,80.44,2023-07-01
84,2023,3,Mendoza,52.03,2023-07-01
85,2023,3,Misiones,55.51,2023-07-01
86,2023,3,Neuquén,79.97,2023-07-01
87,2023,3,Río Negro,68.4,2023-07-01
88,2023,3,Salta,57.57,2023-07-01
89,2023,3,San Juan,50.45,2023-07-01
90,2023,3,San Luis,98.55,2023-07-01
91,2023,3,Santa Cruz,40.89,2023-07-01
92,2023,3,Santa Fe,79.09,2023-07-01
93,2023,3,Santiago Del Estero,48.67,2023-07-01
94,2023,3,Tierra Del Fuego,105.95,2023-07-01
95,2023,3,Tucumán,61.26,2023-07-01
96,2023,2,Buenos Aires,79.67,2023-04-01
97,2023,2,Capital Federal,115.48,2023-04-01
98,2023,2,Catamarca,67.42,2023-04-01
99,2023,2,Chaco,42.87,2023-04-01
100,2023,2,Chubut,82.49,2023-04-01
101,2023,2,Córdoba,90.13,2023-04-01
102,2023,2,Corrientes,52.37,2023-04-01
103,2023,2,Entre Ríos,64.43,2023-04-01
104,2023,2,Formosa,38.32,2023-04-01
105,2023,2,Jujuy,57.78,2023-04-01
106,2023,2,La Pampa,98.35,2023-04-01
107,2023,2,La Rioja,80.01,2023-04-01
108,2023,2,Mendoza,52.09,2023-04-01
109,2023,2,Misiones,55.18,2023-04-01
110,2023,2,Neuquén,78.97,2023-04-01
111,2023,2,Río Negro,68.56,2023-04-01
112,2023,2,Salta,57.48,2023-04-01
113,2023,2,San Juan,47.52,2023-04-01
114,2023,2,San Luis,93.41,2023-04-01
115,2023,2,Santa Cruz,41.66,2023-04-01
116,2023,2,Santa Fe,78.83,2023-04-01
117,2023,2,Santiago Del Estero,47.14,2023-04-01
118,2023,2,Tierra Del Fuego,106.38,2023-04-01
119,2023,2,Tucumán,60.75,2023-04-01
120,2023,1,Buenos Aires,79.0,2023-01-01
121,2023,1,Capital Federal,122.59,2023-01-01
122,2023,1,Catamarca,66.17,2023-01-01
123,2023,1,Chaco,43.15,2023-01-01
124,2023,1,Chubut,85.89,2023-01-01
125,2023,1,Córdoba,88.84,2023-01-01
126,2023,1,Corrientes,52.05,2023-01-01
127,2023,1,Entre Ríos,64.79,2023-01-01
128,2023,1,Formosa,38.79,2023-01-01
129,2023,1,Jujuy,58.2,2023-01-01
130,2023,1,La Pampa,96.55,2023-01-01
131,2023,1,La Rioja,79.74,2023-01-01
132,2023,1,Mendoza,51.4,2023-01-01
133,2023,1,Misiones,53.97,2023-01-01
134,2023,1,Neuquén,78.55,2023-01-01
135,2023,1,Río Negro,69.16,2023-01-01
136,2023,1,Salta,57.67,2023-01-01
137,2023,1,San Juan,49.75,2023-01-01
138,2023,1,San Luis,90.17,2023-01-01
139,2023,1,Santa Cruz,43.42,2023-01-01
140,2023,1,Santa Fe,78.13,2023-01-01
141,2023,1,Santiago Del Estero,47.55,2023-01-01
142,2023,1,Tierra Del Fuego,104.23,2023-01-01
143,2023,1,Tucumán,60.34,2023-01-01
144,2022,4,Buenos Aires,78.94,2022-10-01
145,2022,4,Capital Federal,122.73,2022-10-01
146,2022,4,Catamarca,65.77,2022-10-01
147,2022,4,Chaco,43.62,2022-10-01
148,2022,4,Chubut,85.57,2022-10-01
149,2022,4,Córdoba,89.03,2022-10-01
150,2022,4,Corrientes,51.64,2022-10-01
151,2022,4,Entre Ríos,64.01,2022-10-01
152,2022,4,Formosa,39.41,2022-10-01
153,2022,4,Jujuy,58.46,2022-10-01
154,2022,4,La Pampa,94.8,2022-10-01
155,2022,4,La Rioja,79.86,2022-10-01
156,2022,4,Mendoza,51.36,2022-10-01
157,2022,4,Misiones,52.85,2022-10-01
158,2022,4,Neuquén,78.67,2022-10-01
159,2022,4,Río Negro,68.42,2022-10-01
160,2022,4,Salta,57.96,2022-10-01
161,2022,4,San Juan,50.88,2022-10-01
162,2022,4,San Luis,90.27,2022-10-01
163,2022,4,Santa Cruz,43.53,2022-10-01
164,2022,4,Santa Fe,78.4,2022-10-01
165,2022,4,Santiago Del Estero,48.05,2022-10-01
166,2022,4,Tierra Del Fuego,101.44,2022-10-01
167,2022,4,Tucumán,61.04,2022-10-01
168,2022,3,Buenos Aires,78.11,2022-07-01
169,2022,3,Capital Federal,122.28,2022-07-01
170,2022,3,Catamarca,65.33,2022-07-01
171,2022,3,Chaco,43.86,2022-07-01
172,2022,3,Chubut,84.38,2022-07-01
173,2022,3,Córdoba,88.31,2022-07-01
174,2022,3,Corrientes,48.21,2022-07-01
175,2022,3,Entre Ríos,63.67,2022-07-01
176,2022,3,Formosa,43.76,2022-07-01
177,2022,3,Jujuy,58.91,2022-07-01
178,2022,3,La Pampa,96.59,2022-07-01
179,2022,3,La Rioja,80.66,2022-07-01
180,2022,3,Mendoza,51.03,2022-07-01
181,2022,3,Misiones,51.82,2022-07-01
182,2022,3,Neuquén,80.37,2022-07-01
183,2022,3,Río Negro,67.98,2022-07-01
184,2022,3,Salta,57.76,2022-07-01
185,2022,3,San Juan,50.8,2022-07-01
186,2022,3,San Luis,81.74,2022-07-01
187,2022,3,Santa Cruz,43.19,2022-07-01
188,2022,3,Santa Fe,78.55,2022-07-01
189,2022,3,Santiago Del Estero,47.98,2022-07-01
190,2022,3,Tierra Del Fuego,99.51,2022-07-01
191,2022,3,Tucumán,61.14,2022-07-01
192,2022,2,Buenos Aires,77.58,2022-04-01
193,2022,2,Capital Federal,121.31,2022-04-01
194,2022,2,Catamarca,62.4,2022-04-01
195,2022,2,Chaco,43.79,2022-04-01
196,2022,2,Chubut,83.19,2022-04-01
197,2022,2,Córdoba,87.48,2022-04-01
198,2022,2,Corrientes,48.35,2022-04-01
199,2022,2,Entre Ríos,63.9,2022-04-01
200,2022,2,Formosa,43.42,2022-04-01
201,2022,2,Jujuy,57.32,2022-04-01
202,2022,2,La Pampa,92.98,2022-04-01
203,2022,2,La Rioja,80.14,2022-04-01
204,2022,2,Mendoza,49.39,2022-04-01
205,2022,2,Misiones,51.0,2022-04-01
206,2022,2,Neuquén,80.02,2022-04-01
207,2022,2,Río Negro,67.85,2022-04-01
208,2022,2,Salta,57.54,2022-04-01
209,2022,2,San Juan,49.46,2022-04-01
210,2022,2,San Luis,81.76,2022-04-01
211,2022,2,Santa Cruz,43.15,2022-04-01
212,2022,2,Santa Fe,77.9,2022-04-01
213,2022,2,Santiago Del Estero,47.7,2022-04-01
214,2022,2,Tierra Del Fuego,99.86,2022-04-01
215,2022,2,Tucumán,59.31,2022-04-01
216,2022,1,Buenos Aires,76.0781466115726,2022-01-01
217,2022,1,Capital Federal,111.797862691747,2022-01-01
218,2022,1,Catamarca,58.2063508356117,2022-01-01
219,2022,1,Chaco,44.0594800994188,2022-01-01
220,2022,1,Chubut,88.0527409383577,2022-01-01
221,2022,1,Córdoba,85.7574535631355,2022-01-01
222,2022,1,Corrientes,47.6446351415023,2022-01-01
223,2022,1,Entre Ríos,63.7009034712316,2022-01-01
224,2022,1,Formosa,34.9556869957513,2022-01-01
225,2022,1,Jujuy,58.0646286642678,2022-01-01
226,2022,1,La Pampa,91.6633253140871,2022-01-01
227,2022,1,La Rioja,78.774598665645,2022-01-01
228,2022,1,Mendoza,48.7352409355834,2022-01-01
229,2022,1,Misiones,49.0433419977295,2022-01-01
230,2022,1,Neuquén,74.1730550999272,2022-01-01
231,2022,1,Río Negro,67.0364075498703,2022-01-01
232,2022,1,Salta,56.1075934084976,2022-01-01
233,2022,1,San Juan,43.5459816093316,2022-01-01
234,2022,1,San Luis,80.7242306060177,2022-01-01
235,2022,1,Santa Cruz,43.3384231105305,2022-01-01
236,2022,1,Santa Fe,77.304584747584,2022-01-01
237,2022,1,Santiago Del Estero,47.1727383932405,2022-01-01
238,2022,1,Tierra Del Fuego,98.2905503867279,2022-01-01
239,2022,1,Tucumán,57.3900322723119,2022-01-01
240,2021,4,Buenos Aires,75.6641060233847,2021-10-01
241,2021,4,Capital Federal,111.270026128917,2021-10-01
242,2021,4,Catamarca,55.2526999859741,2021-10-01
243,2021,4,Chaco,44.0485638902593,2021-10-01
244,2021,4,Chubut,82.5734006387143,2021-10-01
245,2021,4,Córdoba,84.5094185304609,2021-10-01
246,2021,4,Corrientes,45.5101610294635,2021-10-01
247,2021,4,Entre Ríos,63.1553614361658,2021-10-01
248,2021,4,Formosa,34.4545746388443,2021-10-01
249,2021,4,Jujuy,56.9210705148705,2021-10-01
250,2021,4,La Pampa,89.5673427024131,2021-10-01
251,2021,4,La Rioja,77.9234900964576,2021-10-01
252,2021,4,Mendoza,47.5053170903177,2021-10-01
253,2021,4,Misiones,49.064620730585,2021-10-01
254,2021,4,Neuquén,73.3001625402001,2021-10-01
255,2021,4,Río Negro,65.6948996116065,2021-10-01
256,2021,4,Salta,56.8144260576222,2021-10-01
257,2021,4,San Juan,39.5888518648717,2021-10-01
258,2021,4,San Luis,80.2957828313538,2021-10-01
259,2021,4,Santa Cruz,43.0512146611735,2021-10-01
260,2021,4,Santa Fe,77.0892017943923,2021-10-01
261,2021,4,Santiago Del Estero,47.0459491943867,2021-10-01
262,2021,4,Tierra Del Fuego,98.4006164486543,2021-10-01
263,2021,4,Tucumán,55.9259910242439,2021-10-01
264,2021,3,Buenos Aires,71.6821894010193,2021-07-01
265,2021,3,Capital Federal,111.271055142509,2021-07-01
266,2021,3,Catamarca,52.7097934860013,2021-07-01
267,2021,3,Chaco,42.9624100796766,2021-07-01
268,2021,3,Chubut,80.7097384765756,2021-07-01
269,2021,3,Córdoba,81.2845665540848,2021-07-01
270,2021,3,Corrientes,44.9008831266441,2021-07-01
271,2021,3,Entre Ríos,62.1794014538577,2021-07-01
272,2021,3,Formosa,33.9620335406843,2021-07-01
273,2021,3,Jujuy,55.6892647441935,2021-07-01
274,2021,3,La Pampa,84.2799630965361,2021-07-01
275,2021,3,La Rioja,77.2601606138685,2021-07-01
276,2021,3,Mendoza,45.548284680561,2021-07-01
277,2021,3,Misiones,45.5706536580879,2021-07-01
278,2021,3,Neuquén,69.7065334450161,2021-07-01
279,2021,3,Río Negro,61.9672131147541,2021-07-01
280,2021,3,Salta,55.9642780595842,2021-07-01
281,2021,3,San Juan,39.4554480019856,2021-07-01
282,2021,3,San Luis,79.8704334921291,2021-07-01
283,2021,3,Santa Cruz,43.7473202801201,2021-07-01
284,2021,3,Santa Fe,75.0170476272823,2021-07-01
285,2021,3,Santiago Del Estero,47.0,2021-07-01
286,2021,3,Tierra Del Fuego,94.9538682598503,2021-07-01
287,2021,3,Tucumán,54.636044861008,2021-07-01
288,2021,2,Buenos Aires,70.0033033602797,2021-04-01
289,2021,2,Capital Federal,110.144402032121,2021-04-01
290,2021,2,Catamarca,52.3403096626386,2021-04-01
291,2021,2,Chaco,43.3276272929354,2021-04-01
292,2021,2,Chubut,72.2941048193647,2021-04-01
293,2021,2,Córdoba,80.1151879593124,2021-04-01
294,2021,2,Corrientes,43.5411637336848,2021-04-01
295,2021,2,Entre Ríos,61.6602644647879,2021-04-01
296,2021,2,Formosa,33.2254841932261,2021-04-01
297,2021,2,Jujuy,56.1821570114677,2021-04-01
298,2021,2,La Pampa,82.080006723254,2021-04-01
299,2021,2,La Rioja,76.9786615851933,2021-04-01
300,2021,2,Mendoza,40.9732418261709,2021-04-01
301,2021,2,Misiones,45.0128113119994,2021-04-01
302,2021,2,Neuquén,69.1402108463862,2021-04-01
303,2021,2,Río Negro,61.9420405741775,2021-04-01
304,2021,2,Salta,54.9300901747889,2021-04-01
305,2021,2,San Juan,39.2840257006206,2021-04-01
306,2021,2,San Luis,83.4781072006307,2021-04-01
307,2021,2,Santa Cruz,44.0149166554342,2021-04-01
308,2021,2,Santa Fe,75.0687862629301,2021-04-01
309,2021,2,Santiago Del Estero,46.5572753649211,2021-04-01
310,2021,2,Tierra Del Fuego,67.8858077522918,2021-04-01
311,2021,2,Tucumán,54.928196510348,2021-04-01
312,2021,1,Buenos Aires,69.1052407618594,2021-01-01
313,2021,1,Capital Federal,108.419939223293,2021-01-01
314,2021,1,Catamarca,48.8990929278482,2021-01-01
315,2021,1,Chaco,43.1364924170879,2021-01-01
316,2021,1,Chubut,68.9942808881567,2021-01-01
317,2021,1,Córdoba,78.5902806238002,2021-01-01
318,2021,1,Corrientes,42.6641284388214,2021-01-01
319,2021,1,Entre Ríos,60.4394497283423,2021-01-01
320,2021,1,Formosa,32.7329557563272,2021-01-01
321,2021,1,Jujuy,55.6324478962054,2021-01-01
322,2021,1,La Pampa,81.7767634575221,2021-01-01
323,2021,1,La Rioja,49.8069351907935,2021-01-01
324,2021,1,Mendoza,39.1536615289964,2021-01-01
325,2021,1,Misiones,43.1724389059718,2021-01-01
326,2021,1,Neuquén,66.8420894204527,2021-01-01
327,2021,1,Río Negro,60.8792403032577,2021-01-01
328,2021,1,Salta,53.9300192633909,2021-01-01
329,2021,1,San Juan,39.0551943353576,2021-01-01
330,2021,1,San Luis,81.2373017712751,2021-01-01
331,2021,1,Santa Cruz,41.6478310399074,2021-01-01
332,2021,1,Santa Fe,73.9165640702618,2021-01-01
333,2021,1,Santiago Del Estero,45.6730828236546,2021-01-01
334,2021,1,Tierra Del Fuego,77.3493560917737,2021-01-01
335,2021,1,Tucumán,54.8189225412539,2021-01-01
336,2020,4,Buenos Aires,68.9770222017074,2020-10-01
337,2020,4,Capital Federal,108.311074890435,2020-10-01
338,2020,4,Catamarca,49.4068835454974,2020-10-01
339,2020,4,Chaco,43.0307886497791,2020-10-01
340,2020,4,Chubut,68.3518991582562,2020-10-01
341,2020,4,Córdoba,78.0796087633819,2020-10-01
342,2020,4,Corrientes,42.428283946949,2020-10-01
343,2020,4,Entre Ríos,59.4743067609738,2020-10-01
344,2020,4,Formosa,32.4873819075967,2020-10-01
345,2020,4,Jujuy,53.4565912339089,2020-10-01
346,2020,4,La Pampa,81.7679324894515,2020-10-01
347,2020,4,La Rioja,50.1106121170115,2020-10-01
348,2020,4,Mendoza,38.6295789622782,2020-10-01
349,2020,4,Misiones,42.6441141611923,2020-10-01
350,2020,4,Neuquén,67.0023452204809,2020-10-01
351,2020,4,Río Negro,61.0886154804548,2020-10-01
352,2020,4,Salta,54.0427520014766,2020-10-01
353,2020,4,San Juan,36.3208821557581,2020-10-01
354,2020,4,San Luis,81.679478061057,2020-10-01
355,2020,4,Santa Cruz,36.999572459088,2020-10-01
356,2020,4,Santa Fe,73.5807380726778,2020-10-01
357,2020,4,Santiago Del Estero,43.7492566206899,2020-10-01
358,2020,4,Tierra Del Fuego,76.265834969774,2020-10-01
359,2020,4,Tucumán,54.7834044136996,2020-10-01
360,2020,3,Buenos Aires,67.6561898309092,2020-07-01
361,2020,3,Capital Federal,107.675901165732,2020-07-01
362,2020,3,Catamarca,47.157098984172,2020-07-01
363,2020,3,Chaco,41.5419205780652,2020-07-01
364,2020,3,Chubut,68.3438981572004,2020-07-01
365,2020,3,Córdoba,75.2203572366921,2020-07-01
366,2020,3,Corrientes,41.7507494704644,2020-07-01
367,2020,3,Entre Ríos,58.1901640924315,2020-07-01
368,2020,3,Formosa,31.9056233101865,2020-07-01
369,2020,3,Jujuy,54.0444192382091,2020-07-01
370,2020,3,La Pampa,79.2644770667028,2020-07-01
371,2020,3,La Rioja,50.1181132363027,2020-07-01
372,2020,3,Mendoza,37.3486331372327,2020-07-01
373,2020,3,Misiones,41.6044862854486,2020-07-01
374,2020,3,Neuquén,65.2441702553022,2020-07-01
375,2020,3,Río Negro,57.052405915845,2020-07-01
376,2020,3,Salta,52.315712128488,2020-07-01
377,2020,3,San Juan,38.7899552541285,2020-07-01
378,2020,3,San Luis,79.9617220941719,2020-07-01
379,2020,3,Santa Cruz,35.9515289078445,2020-07-01
380,2020,3,Santa Fe,72.1206024734824,2020-07-01
381,2020,3,Santiago Del Estero,43.3759313169191,2020-07-01
382,2020,3,Tierra Del Fuego,76.809095839467,2020-07-01
383,2020,3,Tucumán,53.2281495112899,2020-07-01
384,2020,2,Buenos Aires,65.2205801358229,2020-04-01
385,2020,2,Capital Federal,106.414805990736,2020-04-01
386,2020,2,Catamarca,45.4318181818182,2020-04-01
387,2020,2,Chaco,39.8325027900658,2020-04-01
388,2020,2,Chubut,57.3446133872355,2020-04-01
389,2020,2,Córdoba,72.7135853124239,2020-04-01
390,2020,2,Corrientes,40.3047626797957,2020-04-01
391,2020,2,Entre Ríos,56.5386547397096,2020-04-01
392,2020,2,Formosa,31.1394362262631,2020-04-01
393,2020,2,Jujuy,47.8878102278728,2020-04-01
394,2020,2,La Pampa,76.1015828898756,2020-04-01
395,2020,2,La Rioja,49.8399350183955,2020-04-01
396,2020,2,Mendoza,36.2522434211,2020-04-01
397,2020,2,Misiones,40.8877960096961,2020-04-01
398,2020,2,Neuquén,63.8984690337643,2020-04-01
399,2020,2,Río Negro,56.369335248792,2020-04-01
400,2020,2,Salta,51.5815833534036,2020-04-01
401,2020,2,San Juan,35.0948577636503,2020-04-01
402,2020,2,San Luis,78.4096773527651,2020-04-01
403,2020,2,Santa Cruz,35.792623969796,2020-04-01
404,2020,2,Santa Fe,70.002168637187,2020-04-01
405,2020,2,Santiago Del Estero,43.4671668246836,2020-04-01
406,2020,2,Tierra Del Fuego,76.3694826074247,2020-04-01
407,2020,2,Tucumán,51.7807409103048,2020-04-01
408,2020,1,Buenos Aires,64.3256310174343,2020-01-01
409,2020,1,Capital Federal,105.980174141819,2020-01-01
410,2020,1,Catamarca,37.6154276874603,2020-01-01
411,2020,1,Chaco,37.4838333691726,2020-01-01
412,2020,1,Chubut,51.268489419097,2020-01-01
413,2020,1,Córdoba,70.6880744339108,2020-01-01
414,2020,1,Corrientes,38.7290799422309,2020-01-01
415,2020,1,Entre Ríos,56.1200605143722,2020-01-01
416,2020,1,Formosa,30.2283039626068,2020-01-01
417,2020,1,Jujuy,46.6702306399878,2020-01-01
418,2020,1,La Pampa,75.766787812914,2020-01-01
419,2020,1,La Rioja,46.346631384167,2020-01-01
420,2020,1,Mendoza,33.1420767001727,2020-01-01
421,2020,1,Misiones,39.018347551712,2020-01-01
422,2020,1,Neuquén,61.8474936235507,2020-01-01
423,2020,1,Río Negro,55.1156686596236,2020-01-01
424,2020,1,Salta,49.5956802701287,2020-01-01
425,2020,1,San Juan,32.3922921363047,2020-01-01
426,2020,1,San Luis,76.3085418464193,2020-01-01
427,2020,1,Santa Cruz,35.9742762889655,2020-01-01
428,2020,1,Santa Fe,69.5235794025313,2020-01-01
429,2020,1,Santiago Del Estero,42.4663591879918,2020-01-01
430,2020,1,Tierra Del Fuego,76.0696497901879,2020-01-01
431,2020,1,Tucumán,47.8479232585003,2020-01-01
432,2019,4,Buenos Aires,64.2520528824542,2019-10-01
433,2019,4,Capital Federal,106.245467510411,2019-10-01
434,2019,4,Catamarca,36.4384291271555,2019-10-01
435,2019,4,Chaco,36.8354786303424,2019-10-01
436,2019,4,Chubut,51.1450178551471,2019-10-01
437,2019,4,Córdoba,70.4829556624422,2019-10-01
438,2019,4,Corrientes,38.7674409892621,2019-10-01
439,2019,4,Entre Ríos,57.9922169170451,2019-10-01
440,2019,4,Formosa,30.471313480544,2019-10-01
441,2019,4,Jujuy,45.3775463317507,2019-10-01
442,2019,4,La Pampa,76.9241896917042,2019-10-01
443,2019,4,La Rioja,47.1358901105243,2019-10-01
444,2019,4,Mendoza,33.6490307202718,2019-10-01
445,2019,4,Misiones,39.7892368404862,2019-10-01
446,2019,4,Neuquén,59.3559009282245,2019-10-01
447,2019,4,Río Negro,55.7050096828749,2019-10-01
448,2019,4,Salta,50.3546389223882,2019-10-01
449,2019,4,San Juan,32.8549757281553,2019-10-01
450,2019,4,San Luis,74.9200260348146,2019-10-01
451,2019,4,Santa Cruz,36.7113630853583,2019-10-01
452,2019,4,Santa Fe,69.4823572559686,2019-10-01
453,2019,4,Santiago Del Estero,42.9207738235818,2019-10-01
454,2019,4,Tierra Del Fuego,79.6953613637709,2019-10-01
455,2019,4,Tucumán,47.6490201252129,2019-10-01
456,2019,3,Buenos Aires,69.3563010607913,2019-07-01
457,2019,3,Capital Federal,112.645387803721,2019-07-01
458,2019,3,Catamarca,30.8836145267372,2019-07-01
459,2019,3,Chaco,35.8460309754608,2019-07-01
460,2019,3,Chubut,47.5662416229331,2019-07-01
461,2019,3,Córdoba,68.5923490106902,2019-07-01
462,2019,3,Corrientes,38.4853511358672,2019-07-01
463,2019,3,Entre Ríos,57.9000994579662,2019-07-01
464,2019,3,Formosa,30.1124329977775,2019-07-01
465,2019,3,Jujuy,44.3224868429136,2019-07-01
466,2019,3,La Pampa,77.4526942329175,2019-07-01
467,2019,3,La Rioja,47.9429051217464,2019-07-01
468,2019,3,Mendoza,40.7371425873534,2019-07-01
469,2019,3,Misiones,39.3329298674438,2019-07-01
470,2019,3,Neuquén,64.1388726949158,2019-07-01
471,2019,3,Río Negro,63.4247008870096,2019-07-01
472,2019,3,Salta,44.4761779222872,2019-07-01
473,2019,3,San Juan,37.0623130355423,2019-07-01
474,2019,3,San Luis,85.2260887684934,2019-07-01
475,2019,3,Santa Cruz,35.6281609788596,2019-07-01
476,2019,3,Santa Fe,68.8717805759303,2019-07-01
477,2019,3,Santiago Del Estero,55.3039114685454,2019-07-01
478,2019,3,Tierra Del Fuego,96.4621096309238,2019-07-01
479,2019,3,Tucumán,39.4876002040168,2019-07-01
480,2019,2,Buenos Aires,67.847139823742,2019-04-01
481,2019,2,Capital Federal,110.545566994852,2019-04-01
482,2019,2,Catamarca,32.1309502201928,2019-04-01
483,2019,2,Chaco,34.1402609798676,2019-04-01
484,2019,2,Chubut,46.9879841362692,2019-04-01
485,2019,2,Córdoba,68.0713093878985,2019-04-01
486,2019,2,Corrientes,38.155585884188,2019-04-01
487,2019,2,Entre Ríos,57.4782345887239,2019-04-01
488,2019,2,Formosa,30.4182360069433,2019-04-01
489,2019,2,Jujuy,44.511922790626,2019-04-01
490,2019,2,La Pampa,77.083137502884,2019-04-01
491,2019,2,La Rioja,48.7049391442432,2019-04-01
492,2019,2,Mendoza,40.7546242353627,2019-04-01
493,2019,2,Misiones,39.1461255416994,2019-04-01
494,2019,2,Neuquén,63.0809643276744,2019-04-01
495,2019,2,Río Negro,61.0942074999118,2019-04-01
496,2019,2,Salta,41.8931983203698,2019-04-01
497,2019,2,San Juan,35.5997173374818,2019-04-01
498,2019,2,San Luis,81.789994425864,2019-04-01
499,2019,2,Santa Cruz,28.8460630553221,2019-04-01
500,2019,2,Santa Fe,67.4229199332195,2019-04-01
501,2019,2,Santiago Del Estero,52.789971263171,2019-04-01
502,2019,2,Tierra Del Fuego,94.7980342802349,2019-04-01
503,2019,2,Tucumán,40.1360462142088,2019-04-01
504,2019,1,Buenos Aires,66.2425552273681,2019-01-01
505,2019,1,Capital Federal,109.196164558838,2019-01-01
506,2019,1,Catamarca,32.1904889561213,2019-01-01
507,2019,1,Chaco,32.6358765794295,2019-01-01
508,2019,1,Chubut,42.997736337178,2019-01-01
509,2019,1,Córdoba,65.5173840768055,2019-01-01
510,2019,1,Corrientes,35.1349868869881,2019-01-01
511,2019,1,Entre Ríos,56.7881599616928,2019-01-01
512,2019,1,Formosa,29.6776946304319,2019-01-01
513,2019,1,Jujuy,46.4084387403666,2019-01-01
514,2019,1,La Pampa,76.3545743378065,2019-01-01
515,2019,1,La Rioja,50.1845878832627,2019-01-01
516,2019,1,Mendoza,37.6571649702829,2019-01-01
517,2019,1,Misiones,36.2571682655235,2019-01-01
518,2019,1,Neuquén,58.8780043343749,2019-01-01
519,2019,1,Río Negro,53.5716497810025,2019-01-01
520,2019,1,Salta,40.0983444177161,2019-01-01
521,2019,1,San Juan,31.8330580534655,2019-01-01
522,2019,1,San Luis,67.3379373977716,2019-01-01
523,2019,1,Santa Cruz,23.6676549967689,2019-01-01
524,2019,1,Santa Fe,66.9740909479148,2019-01-01
525,2019,1,Santiago Del Estero,37.5194167460039,2019-01-01
526,2019,1,Tierra Del Fuego,93.3758192272124,2019-01-01
527,2019,1,Tucumán,41.6307444313476,2019-01-01
528,2018,4,Buenos Aires,64.6028466348432,2018-10-01
529,2018,4,Capital Federal,108.273149970574,2018-10-01
530,2018,4,Catamarca,32.2253461660253,2018-10-01
531,2018,4,Chaco,32.5909608763298,2018-10-01
532,2018,4,Chubut,42.6109360960454,2018-10-01
533,2018,4,Córdoba,65.0892645911237,2018-10-01
534,2018,4,Corrientes,34.5662765686955,2018-10-01
535,2018,4,Entre Ríos,54.3747734863994,2018-10-01
536,2018,4,Formosa,29.73653915732,2018-10-01
537,2018,4,Jujuy,46.5322663913268,2018-10-01
538,2018,4,La Pampa,73.4940482831421,2018-10-01
539,2018,4,La Rioja,50.3479939174172,2018-10-01
540,2018,4,Mendoza,37.7577838459117,2018-10-01
541,2018,4,Misiones,34.4507488777944,2018-10-01
542,2018,4,Neuquén,59.0691692663678,2018-10-01
543,2018,4,Río Negro,51.8614034542606,2018-10-01
544,2018,4,Salta,39.8016100697381,2018-10-01
545,2018,4,San Juan,31.8962520702558,2018-10-01
546,2018,4,San Luis,67.5504536976004,2018-10-01
547,2018,4,Santa Cruz,23.6891941006561,2018-10-01
548,2018,4,Santa Fe,65.5870688619156,2018-10-01
549,2018,4,Santiago Del Estero,37.4007259512934,2018-10-01
550,2018,4,Tierra Del Fuego,93.5925708620794,2018-10-01
551,2018,4,Tucumán,41.7579696387777,2018-10-01
552,2018,3,Buenos Aires,64.4405675975205,2018-07-01
553,2018,3,Capital Federal,108.445914110219,2018-07-01
554,2018,3,Catamarca,32.9159453741104,2018-07-01
555,2018,3,Chaco,32.2831008330776,2018-07-01
556,2018,3,Chubut,56.391745852269,2018-07-01
557,2018,3,Córdoba,64.2421002602934,2018-07-01
558,2018,3,Corrientes,34.2499388738322,2018-07-01
559,2018,3,Entre Ríos,50.2220138583775,2018-07-01
560,2018,3,Formosa,29.5765734288784,2018-07-01
561,2018,3,Jujuy,23.2637001371955,2018-07-01
562,2018,3,La Pampa,71.7502365184484,2018-07-01
563,2018,3,La Rioja,50.7330431805956,2018-07-01
564,2018,3,Mendoza,37.9905972679962,2018-07-01
565,2018,3,Misiones,32.103666418059,2018-07-01
566,2018,3,Neuquén,60.4866167439691,2018-07-01
567,2018,3,Río Negro,50.5426480870375,2018-07-01
568,2018,3,Salta,39.4274134206841,2018-07-01
569,2018,3,San Juan,33.0514165039238,2018-07-01
570,2018,3,San Luis,52.3531149755192,2018-07-01
571,2018,3,Santa Cruz,32.7278502945593,2018-07-01
572,2018,3,Santa Fe,63.4096146162309,2018-07-01
573,2018,3,Santiago Del Estero,36.2496169780513,2018-07-01
574,2018,3,Tierra Del Fuego,92.7719183939406,2018-07-01
575,2018,3,Tucumán,41.6810135952876,2018-07-01
576,2018,2,Buenos Aires,62.7822665109499,2018-04-01
577,2018,2,Capital Federal,106.534941281467,2018-04-01
578,2018,2,Catamarca,32.8575008674866,2018-04-01
579,2018,2,Chaco,31.2517049960349,2018-04-01
580,2018,2,Chubut,54.9023033373551,2018-04-01
581,2018,2,Córdoba,63.2743661231958,2018-04-01
582,2018,2,Corrientes,33.8097539088117,2018-04-01
583,2018,2,Entre Ríos,49.2026118705284,2018-04-01
584,2018,2,Formosa,29.434226520797,2018-04-01
585,2018,2,Jujuy,23.4322027298545,2018-04-01
586,2018,2,La Pampa,71.0403378727806,2018-04-01
587,2018,2,La Rioja,50.9778907392324,2018-04-01
588,2018,2,Mendoza,36.9728727240613,2018-04-01
589,2018,2,Misiones,31.6309076822218,2018-04-01
590,2018,2,Neuquén,60.2367916140203,2018-04-01
591,2018,2,Río Negro,50.1478946239634,2018-04-01
592,2018,2,Salta,39.9371920998973,2018-04-01
593,2018,2,San Juan,32.9466488486842,2018-04-01
594,2018,2,San Luis,15.1504244913514,2018-04-01
595,2018,2,Santa Cruz,33.3323645100661,2018-04-01
596,2018,2,Santa Fe,62.5707923995744,2018-04-01
597,2018,2,Santiago Del Estero,35.2564642111642,2018-04-01
598,2018,2,Tierra Del Fuego,91.6051962953856,2018-04-01
599,2018,2,Tucumán,41.5125631700174,2018-04-01
600,2018,1,Buenos Aires,62.6262116616845,2018-01-01
601,2018,1,Capital Federal,106.235671745868,2018-01-01
602,2018,1,Catamarca,32.7936161374153,2018-01-01
603,2018,1,Chaco,30.8299276457025,2018-01-01
604,2018,1,Chubut,53.7156048824891,2018-01-01
605,2018,1,Córdoba,63.5171696520162,2018-01-01
606,2018,1,Corrientes,32.6634608731751,2018-01-01
607,2018,1,Entre Ríos,48.6812024178572,2018-01-01
608,2018,1,Formosa,21.4043102592114,2018-01-01
609,2018,1,Jujuy,23.1212608756775,2018-01-01
610,2018,1,La Pampa,71.751636922758,2018-01-01
611,2018,1,La Rioja,51.4435101124481,2018-01-01
612,2018,1,Mendoza,37.0721511024033,2018-01-01
613,2018,1,Misiones,30.9567358844696,2018-01-01
614,2018,1,Neuquén,61.5173903515637,2018-01-01
615,2018,1,Río Negro,49.8168613122324,2018-01-01
616,2018,1,Salta,39.7755916329188,2018-01-01
617,2018,1,San Juan,32.6091774516929,2018-01-01
618,2018,1,San Luis,15.1487903482749,2018-01-01
619,2018,1,Santa Cruz,33.5527598985762,2018-01-01
620,2018,1,Santa Fe,62.2819984430096,2018-01-01
621,2018,1,Santiago Del Estero,34.9882694482421,2018-01-01
622,2018,1,Tierra Del Fuego,65.1996370235935,2018-01-01
623,2018,1,Tucumán,41.1760093888662,2018-01-01
624,2017,4,Buenos Aires,57.6096152902582,2017-10-01
625,2017,4,Capital Federal,122.89742418735,2017-10-01
626,2017,4,Catamarca,28.6209500939249,2017-10-01
627,2017,4,Chaco,30.8081581112365,2017-10-01
628,2017,4,Chubut,51.4630962674935,2017-10-01
629,2017,4,Córdoba,63.3326256520777,2017-10-01
630,2017,4,Corrientes,32.5151183111876,2017-10-01
631,2017,4,Entre Ríos,47.8852452937468,2017-10-01
632,2017,4,Formosa,21.2709766892497,2017-10-01
633,2017,4,Jujuy,22.742083716267,2017-10-01
634,2017,4,La Pampa,71.0497610637856,2017-10-01
635,2017,4,La Rioja,51.5684744054618,2017-10-01
636,2017,4,Mendoza,33.3256255341505,2017-10-01
637,2017,4,Misiones,31.1421848537985,2017-10-01
638,2017,4,Neuquén,61.242323177851,2017-10-01
639,2017,4,Río Negro,49.3756297682453,2017-10-01
640,2017,4,Salta,39.796242471459,2017-10-01
641,2017,4,San Juan,30.2999291912817,2017-10-01
642,2017,4,San Luis,10.5867310697542,2017-10-01
643,2017,4,Santa Cruz,28.9124928828068,2017-10-01
644,2017,4,Santa Fe,61.7127712196729,2017-10-01
645,2017,4,Santiago Del Estero,29.1263861095011,2017-10-01
646,2017,4,Tierra Del Fuego,59.8941359626362,2017-10-01
647,2017,4,Tucumán,39.8968735176797,2017-10-01
648,2017,3,Buenos Aires,55.6293833953396,2017-07-01
649,2017,3,Capital Federal,121.858325909693,2017-07-01
650,2017,3,Catamarca,32.4909256779052,2017-07-01
651,2017,3,Chaco,29.9759256476576,2017-07-01
652,2017,3,Chubut,46.2153774665184,2017-07-01
653,2017,3,Córdoba,62.3070022529633,2017-07-01
654,2017,3,Corrientes,32.165435745938,2017-07-01
655,2017,3,Entre Ríos,45.9581216701772,2017-07-01
656,2017,3,Formosa,21.3503843800708,2017-07-01
657,2017,3,Jujuy,22.6453629950826,2017-07-01
658,2017,3,La Pampa,69.1399370114264,2017-07-01
659,2017,3,La Rioja,51.465252304947,2017-07-01
660,2017,3,Mendoza,35.7049317772057,2017-07-01
661,2017,3,Misiones,30.2059909330319,2017-07-01
662,2017,3,Neuquén,60.8304131050389,2017-07-01
663,2017,3,Río Negro,48.5186589395006,2017-07-01
664,2017,3,Salta,39.8397008069074,2017-07-01
665,2017,3,San Juan,32.3668893599598,2017-07-01
666,2017,3,San Luis,15.4778617902981,2017-07-01
667,2017,3,Santa Cruz,33.2918297165896,2017-07-01
668,2017,3,Santa Fe,60.9063556345152,2017-07-01
669,2017,3,Santiago Del Estero,35.1210448843849,2017-07-01
670,2017,3,Tierra Del Fuego,65.7418047343459,2017-07-01
671,2017,3,Tucumán,39.6953791612326,2017-07-01
672,2017,2,Buenos Aires,56.2721441616913,2017-04-01
673,2017,2,Capital Federal,124.061393756425,2017-04-01
674,2017,2,Catamarca,25.9771210676835,2017-04-01
675,2017,2,Chaco,29.0455247754534,2017-04-01
676,2017,2,Chubut,35.5460111791441,2017-04-01
677,2017,2,Córdoba,58.9735289080036,2017-04-01
678,2017,2,Corrientes,31.386121368355,2017-04-01
679,2017,2,Entre Ríos,45.3893310282472,2017-04-01
680,2017,2,Formosa,19.965076445262,2017-04-01
681,2017,2,Jujuy,22.4034158946241,2017-04-01
682,2017,2,La Pampa,63.4935264809968,2017-04-01
683,2017,2,La Rioja,16.2034458061436,2017-04-01
684,2017,2,Mendoza,31.7586053613908,2017-04-01
685,2017,2,Misiones,30.0892480250859,2017-04-01
686,2017,2,Neuquén,61.9101342766616,2017-04-01
687,2017,2,Río Negro,46.0208051229332,2017-04-01
688,2017,2,Salta,32.7394202636262,2017-04-01
689,2017,2,San Juan,26.964616120247,2017-04-01
690,2017,2,San Luis,9.5139703148683,2017-04-01
691,2017,2,Santa Cruz,26.2486198287096,2017-04-01
692,2017,2,Santa Fe,52.2696112396987,2017-04-01
693,2017,2,Santiago Del Estero,14.118988073972,2017-04-01
694,2017,2,Tierra Del Fuego,68.4632207595576,2017-04-01
695,2017,2,Tucumán,38.1862336563929,2017-04-01
696,2017,1,Buenos Aires,58.5740024492033,2017-01-01
697,2017,1,Capital Federal,108.369208365608,2017-01-01
698,2017,1,Catamarca,25.6593508380215,2017-01-01
699,2017,1,Chaco,28.6216605384279,2017-01-01
700,2017,1,Chubut,35.662220237763,2017-01-01
701,2017,1,Córdoba,57.6533295928744,2017-01-01
702,2017,1,Corrientes,30.9406001096441,2017-01-01
703,2017,1,Entre Ríos,44.9072736870412,2017-01-01
704,2017,1,Formosa,19.8424891786459,2017-01-01
705,2017,1,Jujuy,22.7569859622323,2017-01-01
706,2017,1,La Pampa,62.6692810457516,2017-01-01
707,2017,1,La Rioja,16.1955241460542,2017-01-01
708,2017,1,Mendoza,31.8430127701797,2017-01-01
709,2017,1,Misiones,29.522202363131,2017-01-01
710,2017,1,Neuquén,61.0230200678275,2017-01-01
711,2017,1,Río Negro,46.0295387411952,2017-01-01
712,2017,1,Salta,32.5754893148231,2017-01-01
713,2017,1,San Juan,27.0367609884239,2017-01-01
714,2017,1,San Luis,9.5455001936789,2017-01-01
715,2017,1,Santa Cruz,26.5249917378546,2017-01-01
716,2017,1,Santa Fe,51.9701076920804,2017-01-01
717,2017,1,Santiago Del Estero,14.7021194933686,2017-01-01
718,2017,1,Tierra Del Fuego,68.9197485128813,2017-01-01
719,2017,1,Tucumán,37.900160758941,2017-01-01
720,2016,4,Buenos Aires,61.2365874303569,2016-10-01
721,2016,4,Capital Federal,120.631331736324,2016-10-01
722,2016,4,Catamarca,26.5435155899619,2016-10-01
723,2016,4,Chaco,28.7866560852553,2016-10-01
724,2016,4,Chubut,36.072905464279,2016-10-01
725,2016,4,Córdoba,57.696719154379,2016-10-01
726,2016,4,Corrientes,30.9810703764977,2016-10-01
727,2016,4,Entre Ríos,45.208402854677,2016-10-01
728,2016,4,Formosa,19.8482360781639,2016-10-01
729,2016,4,Jujuy,22.6513870082414,2016-10-01
730,2016,4,La Pampa,63.016182768654,2016-10-01
731,2016,4,La Rioja,16.4553163840162,2016-10-01
732,2016,4,Mendoza,32.10735338479,2016-10-01
733,2016,4,Misiones,29.7201498077974,2016-10-01
734,2016,4,Neuquén,60.8736672281991,2016-10-01
735,2016,4,Río Negro,46.3852103506557,2016-10-01
736,2016,4,Salta,32.6941197393755,2016-10-01
737,2016,4,San Juan,27.2924214521971,2016-10-01
738,2016,4,San Luis,9.64068243537056,2016-10-01
739,2016,4,Santa Cruz,27.0467602148458,2016-10-01
740,2016,4,Santa Fe,52.191050237189,2016-10-01
741,2016,4,Santiago Del Estero,15.0678475104333,2016-10-01
742,2016,4,Tierra Del Fuego,70.3052659053947,2016-10-01
743,2016,4,Tucumán,37.9807622036193,2016-10-01
744,2016,3,Buenos Aires,60.1432954546882,2016-07-01
745,2016,3,Capital Federal,120.772877751015,2016-07-01
746,2016,3,Catamarca,26.4806767574637,2016-07-01
747,2016,3,Chaco,28.910749068481,2016-07-01
748,2016,3,Chubut,36.1786944287865,2016-07-01
749,2016,3,Córdoba,58.243816258032,2016-07-01
750,2016,3,Corrientes,31.0668788260512,2016-07-01
751,2016,3,Entre Ríos,45.4351408844733,2016-07-01
752,2016,3,Formosa,18.6397083028628,2016-07-01
753,2016,3,Jujuy,22.6051542652569,2016-07-01
754,2016,3,La Pampa,61.7317854365091,2016-07-01
755,2016,3,La Rioja,17.0745591064841,2016-07-01
756,2016,3,Mendoza,32.0883588456665,2016-07-01
757,2016,3,Misiones,29.9053857758982,2016-07-01
758,2016,3,Neuquén,60.2148508885395,2016-07-01
759,2016,3,Río Negro,46.3879653621594,2016-07-01
760,2016,3,Salta,32.9558316811803,2016-07-01
761,2016,3,San Juan,27.3171271359908,2016-07-01
762,2016,3,San Luis,9.63053968688516,2016-07-01
763,2016,3,Santa Cruz,26.8352018954507,2016-07-01
764,2016,3,Santa Fe,52.6721503688625,2016-07-01
765,2016,3,Santiago Del Estero,15.3296465784729,2016-07-01
766,2016,3,Tierra Del Fuego,68.9404924910074,2016-07-01
767,2016,3,Tucumán,37.8973634102384,2016-07-01
768,2016,2,Buenos Aires,59.3385267910581,2016-04-01
769,2016,2,Capital Federal,120.039535048253,2016-04-01
770,2016,2,Catamarca,26.0741880597406,2016-04-01
771,2016,2,Chaco,28.5935505552226,2016-04-01
772,2016,2,Chubut,36.1243856555634,2016-04-01
773,2016,2,Córdoba,57.5479805282864,2016-04-01
774,2016,2,Corrientes,30.5801620466166,2016-04-01
775,2016,2,Entre Ríos,44.7388745451874,2016-04-01
776,2016,2,Formosa,19.370070664564,2016-04-01
777,2016,2,Jujuy,21.8882810435767,2016-04-01
778,2016,2,La Pampa,60.4368602573793,2016-04-01
779,2016,2,La Rioja,16.8789026111115,2016-04-01
780,2016,2,Mendoza,32.1259717944259,2016-04-01
781,2016,2,Misiones,29.239512823022,2016-04-01
782,2016,2,Neuquén,59.098285533662,2016-04-01
783,2016,2,Río Negro,46.2401130781274,2016-04-01
784,2016,2,Salta,32.081726025082,2016-04-01
785,2016,2,San Juan,27.3407815140911,2016-04-01
786,2016,2,San Luis,9.60373385160232,2016-04-01
787,2016,2,Santa Cruz,26.7289117253198,2016-04-01
788,2016,2,Santa Fe,52.4364772593711,2016-04-01
789,2016,2,Santiago Del Estero,15.8889250473061,2016-04-01
790,2016,2,Tierra Del Fuego,67.7182428825529,2016-04-01
791,2016,2,Tucumán,37.2356828933842,2016-04-01
792,2016,1,Buenos Aires,57.3359078225411,2016-01-01
793,2016,1,Capital Federal,115.160058888848,2016-01-01
794,2016,1,Catamarca,25.9102179811905,2016-01-01
795,2016,1,Chaco,28.0751464477524,2016-01-01
796,2016,1,Chubut,36.0927055378499,2016-01-01
797,2016,1,Córdoba,55.2830927837402,2016-01-01
798,2016,1,Corrientes,30.0807850041331,2016-01-01
799,2016,1,Entre Ríos,43.8459681446623,2016-01-01
800,2016,1,Formosa,19.0418783694349,2016-01-01
801,2016,1,Jujuy,21.410011288564,2016-01-01
802,2016,1,La Pampa,57.8408686550453,2016-01-01
803,2016,1,La Rioja,16.8335183724942,2016-01-01
804,2016,1,Mendoza,32.1233388880128,2016-01-01
805,2016,1,Misiones,28.3676525909563,2016-01-01
806,2016,1,Neuquén,55.7539370042541,2016-01-01
807,2016,1,Río Negro,45.8351263870833,2016-01-01
808,2016,1,Salta,31.3155459711532,2016-01-01
809,2016,1,San Juan,27.3307941100043,2016-01-01
810,2016,1,San Luis,9.58634628277021,2016-01-01
811,2016,1,Santa Cruz,26.86586252145,2016-01-01
812,2016,1,Santa Fe,51.2773408540762,2016-01-01
813,2016,1,Santiago Del Estero,16.205749206822,2016-01-01
814,2016,1,Tierra Del Fuego,65.8330416313501,2016-01-01
815,2016,1,Tucumán,36.7247713663659,2016-01-01
816,2015,4,Buenos Aires,58.2918218273372,2015-10-01
817,2015,4,Capital Federal,118.130363211538,2015-10-01
818,2015,4,Catamarca,26.2394517885919,2015-10-01
819,2015,4,Chaco,28.3505662351414,2015-10-01
820,2015,4,Chubut,36.8901782778659,2015-10-01
821,2015,4,Córdoba,57.3648817660792,2015-10-01
822,2015,4,Corrientes,30.3364314453388,2015-10-01
823,2015,4,Entre Ríos,44.108548073001,2015-10-01
824,2015,4,Formosa,19.0654915167863,2015-10-01
825,2015,4,Jujuy,21.4714737939107,2015-10-01
826,2015,4,La Pampa,58.7563372001228,2015-10-01
827,2015,4,La Rioja,17.3157786484107,2015-10-01
828,2015,4,Mendoza,32.4889524950014,2015-10-01
829,2015,4,Misiones,28.6866588915424,2015-10-01
830,2015,4,Neuquén,58.2893377687955,2015-10-01
831,2015,4,Río Negro,46.4394811149431,2015-10-01
832,2015,4,Salta,31.5934926480719,2015-10-01
833,2015,4,San Juan,27.6648539357743,2015-10-01
834,2015,4,San Luis,9.70576898450631,2015-10-01
835,2015,4,Santa Cruz,27.7447690664797,2015-10-01
836,2015,4,Santa Fe,52.6080897858581,2015-10-01
837,2015,4,Santiago Del Estero,17.0049780380361,2015-10-01
838,2015,4,Tierra Del Fuego,66.4622043362379,2015-10-01
839,2015,4,Tucumán,37.0621732832959,2015-10-01
840,2015,3,Buenos Aires,57.6886810560801,2015-07-01
841,2015,3,Capital Federal,118.28921116432,2015-07-01
842,2015,3,Catamarca,25.8637811846376,2015-07-01
843,2015,3,Chaco,27.9630727934794,2015-07-01
844,2015,3,Chubut,36.8118099146332,2015-07-01
845,2015,3,Córdoba,57.0834037895185,2015-07-01
846,2015,3,Corrientes,30.167412409019,2015-07-01
847,2015,3,Entre Ríos,43.6771816352633,2015-07-01
848,2015,3,Formosa,18.8367517737853,2015-07-01
849,2015,3,Jujuy,21.2703333470887,2015-07-01
850,2015,3,La Pampa,57.9639597509152,2015-07-01
851,2015,3,La Rioja,17.1511294420325,2015-07-01
852,2015,3,Mendoza,32.4919958318665,2015-07-01
853,2015,3,Misiones,28.3063450934369,2015-07-01
854,2015,3,Neuquén,54.5993148967112,2015-07-01
855,2015,3,Río Negro,46.3891866567451,2015-07-01
856,2015,3,Salta,31.1759452128584,2015-07-01
857,2015,3,San Juan,27.66538565566,2015-07-01
858,2015,3,San Luis,9.70650326873876,2015-07-01
859,2015,3,Santa Cruz,27.6060609834294,2015-07-01
860,2015,3,Santa Fe,52.1459547408435,2015-07-01
861,2015,3,Santiago Del Estero,17.1188225313532,2015-07-01
862,2015,3,Tierra Del Fuego,74.8584578403385,2015-07-01
863,2015,3,Tucumán,36.6103595277426,2015-07-01
864,2015,2,Buenos Aires,56.8028056143921,2015-04-01
865,2015,2,Capital Federal,116.066270918604,2015-04-01
866,2015,2,Catamarca,25.4534180446982,2015-04-01
867,2015,2,Chaco,27.4645393883995,2015-04-01
868,2015,2,Chubut,36.5824672045848,2015-04-01
869,2015,2,Córdoba,55.8691635078182,2015-04-01
870,2015,2,Corrientes,29.5840126681085,2015-04-01
871,2015,2,Entre Ríos,42.9319790164588,2015-04-01
872,2015,2,Formosa,18.3602672052786,2015-04-01
873,2015,2,Jujuy,20.2872190775949,2015-04-01
874,2015,2,La Pampa,56.7076652253,2015-04-01
875,2015,2,La Rioja,16.8831909819638,2015-04-01
876,2015,2,Mendoza,32.4919958318665,2015-04-01
877,2015,2,Misiones,27.3476824488217,2015-04-01
878,2015,2,Neuquén,53.1173365932314,2015-04-01
879,2015,2,Río Negro,45.9761201343233,2015-04-01
880,2015,2,Salta,30.4611238427009,2015-04-01
881,2015,2,San Juan,27.6430534204585,2015-04-01
882,2015,2,San Luis,9.70797183720366,2015-04-01
883,2015,2,Santa Cruz,27.0722450274482,2015-04-01
884,2015,2,Santa Fe,51.1765389086788,2015-04-01
885,2015,2,Santiago Del Estero,17.1105666329829,2015-04-01
886,2015,2,Tierra Del Fuego,74.5078743166472,2015-04-01
887,2015,2,Tucumán,35.6877056091873,2015-04-01
888,2015,1,Buenos Aires,56.3704843302674,2015-01-01
889,2015,1,Capital Federal,114.896997148903,2015-01-01
890,2015,1,Catamarca,25.1094663307876,2015-01-01
891,2015,1,Chaco,26.6495912203056,2015-01-01
892,2015,1,Chubut,37.6127806859079,2015-01-01
893,2015,1,Córdoba,54.6973465018821,2015-01-01
894,2015,1,Corrientes,28.9501912819093,2015-01-01
895,2015,1,Entre Ríos,42.0651933735121,2015-01-01
896,2015,1,Formosa,18.1227036739718,2015-01-01
897,2015,1,Jujuy,19.6897136326236,2015-01-01
898,2015,1,La Pampa,55.5080323273377,2015-01-01
899,2015,1,La Rioja,16.7032017874138,2015-01-01
900,2015,1,Mendoza,32.3658875605183,2015-01-01
901,2015,1,Misiones,26.3056041051906,2015-01-01
902,2015,1,Neuquén,51.9544367381025,2015-01-01
903,2015,1,Río Negro,45.3269490720278,2015-01-01
904,2015,1,Salta,30.0097882334428,2015-01-01
905,2015,1,San Juan,27.5531927597664,2015-01-01
906,2015,1,San Luis,9.71604896376059,2015-01-01
907,2015,1,Santa Cruz,27.9948639434945,2015-01-01
908,2015,1,Santa Fe,50.2444947593192,2015-01-01
909,2015,1,Santiago Del Estero,17.0558169911586,2015-01-01
910,2015,1,Tierra Del Fuego,74.2349517001027,2015-01-01
911,2015,1,Tucumán,35.0786068853898,2015-01-01
912,2014,4,Buenos Aires,56.0943365301975,2014-10-01
913,2014,4,Capital Federal,114.896765508016,2014-10-01
914,2014,4,Catamarca,25.513779082748,2014-10-01
915,2014,4,Chaco,21.8707832002322,2014-10-01
916,2014,4,Chubut,40.2492746845027,2014-10-01
917,2014,4,Córdoba,54.696896793323,2014-10-01
918,2014,4,Corrientes,23.5624309927751,2014-10-01
919,2014,4,Entre Ríos,36.0254708519679,2014-10-01
920,2014,4,Formosa,17.9563113616952,2014-10-01
921,2014,4,Jujuy,19.5994181805212,2014-10-01
922,2014,4,La Pampa,51.2731334522286,2014-10-01
923,2014,4,La Rioja,17.0107508872361,2014-10-01
924,2014,4,Mendoza,32.6383818761503,2014-10-01
925,2014,4,Misiones,24.1624306055883,2014-10-01
926,2014,4,Neuquén,52.5549896972496,2014-10-01
927,2014,4,Río Negro,45.478062751204,2014-10-01
928,2014,4,Salta,29.534861619578,2014-10-01
929,2014,4,San Juan,28.0371457145607,2014-10-01
930,2014,4,San Luis,9.7863933663512,2014-10-01
931,2014,4,Santa Cruz,27.8026789696523,2014-10-01
932,2014,4,Santa Fe,49.9996230234827,2014-10-01
933,2014,4,Santiago Del Estero,17.2692015836451,2014-10-01
934,2014,4,Tierra Del Fuego,66.1378194733832,2014-10-01
935,2014,4,Tucumán,35.3208751693282,2014-10-01
936,2014,3,Buenos Aires,56.754739164071,2014-07-01
937,2014,3,Capital Federal,113.800512332415,2014-07-01
938,2014,3,Catamarca,24.7061213053276,2014-07-01
939,2014,3,Chaco,21.1126667052624,2014-07-01
940,2014,3,Chubut,40.5986709442745,2014-07-01
941,2014,3,Córdoba,54.2336102829994,2014-07-01
942,2014,3,Corrientes,22.7875350351524,2014-07-01
943,2014,3,Entre Ríos,34.981647333713,2014-07-01
944,2014,3,Formosa,17.7713148314683,2014-07-01
945,2014,3,Jujuy,18.3685342155704,2014-07-01
946,2014,3,La Pampa,55.7812017385042,2014-07-01
947,2014,3,La Rioja,16.5067132740672,2014-07-01
948,2014,3,Mendoza,32.3131795616557,2014-07-01
949,2014,3,Misiones,23.5673569543455,2014-07-01
950,2014,3,Neuquén,56.3954110270698,2014-07-01
951,2014,3,Río Negro,46.1961871578301,2014-07-01
952,2014,3,Salta,29.2226843537979,2014-07-01
953,2014,3,San Juan,27.8542444781027,2014-07-01
954,2014,3,San Luis,9.71121075967275,2014-07-01
955,2014,3,Santa Cruz,28.231942904275,2014-07-01
956,2014,3,Santa Fe,49.1958844455727,2014-07-01
957,2014,3,Santiago Del Estero,16.4922039083019,2014-07-01
958,2014,3,Tierra Del Fuego,65.6861020447619,2014-07-01
959,2014,3,Tucumán,33.9437558222181,2014-07-01
960,2014,2,Buenos Aires,55.0614169514339,2014-04-01
961,2014,2,Capital Federal,113.14335247541,2014-04-01
962,2014,2,Catamarca,24.7031188600584,2014-04-01
963,2014,2,Chaco,20.9579963674944,2014-04-01
964,2014,2,Chubut,41.4102098199126,2014-04-01
965,2014,2,Córdoba,53.448126115626,2014-04-01
966,2014,2,Corrientes,22.5756130032436,2014-04-01
967,2014,2,Entre Ríos,34.6874323714598,2014-04-01
968,2014,2,Formosa,17.5404117548517,2014-04-01
969,2014,2,Jujuy,18.7060609994136,2014-04-01
970,2014,2,La Pampa,49.7075961603446,2014-04-01
971,2014,2,La Rioja,16.5025648163457,2014-04-01
972,2014,2,Mendoza,32.0982381502412,2014-04-01
973,2014,2,Misiones,23.3677476012998,2014-04-01
974,2014,2,Neuquén,50.8427490584487,2014-04-01
975,2014,2,Río Negro,45.3349103201463,2014-04-01
976,2014,2,Salta,28.9145940008629,2014-04-01
977,2014,2,San Juan,27.7826978179589,2014-04-01
978,2014,2,San Luis,9.71791019987182,2014-04-01
979,2014,2,Santa Cruz,29.3770071530543,2014-04-01
980,2014,2,Santa Fe,48.3903513867014,2014-04-01
981,2014,2,Santiago Del Estero,16.6955673473544,2014-04-01
982,2014,2,Tierra Del Fuego,64.3560451715994,2014-04-01
983,2014,2,Tucumán,33.9445268856823,2014-04-01
984,2014,1,Buenos Aires,54.5700728794398,2014-01-01
985,2014,1,Capital Federal,112.254122789269,2014-01-01
986,2014,1,Catamarca,24.2517512545856,2014-01-01
987,2014,1,Chaco,20.7185388638408,2014-01-01
988,2014,1,Chubut,41.2352180797243,2014-01-01
989,2014,1,Córdoba,52.5178475440063,2014-01-01
990,2014,1,Corrientes,22.3167167138389,2014-01-01
991,2014,1,Entre Ríos,34.3671218212502,2014-01-01
992,2014,1,Formosa,17.4184510793687,2014-01-01
993,2014,1,Jujuy,18.4153524468777,2014-01-01
994,2014,1,La Pampa,48.425321038282,2014-01-01
995,2014,1,La Rioja,16.2941048158375,2014-01-01
996,2014,1,Mendoza,31.9131229866058,2014-01-01
997,2014,1,Misiones,23.1365386484773,2014-01-01
998,2014,1,Neuquén,49.7916051913856,2014-01-01
999,2014,1,Río Negro,44.9139571317885,2014-01-01
